Title,Time,Link
在创新中发展壮大“即时物流”（人民时评）,05月26日,http://opinion.people.com.cn/n1/2023/0526/c1003-32694902.html
让河湖长制促进河湖长治（人民时评）,05月25日,http://opinion.people.com.cn/n1/2023/0525/c1003-32694076.html
从快递增速感受活力中国（人民时评）,05月24日,http://opinion.people.com.cn/n1/2023/0524/c1003-32693089.html
挖掘机器人产业更大潜力（人民时评）,05月23日,http://opinion.people.com.cn/n1/2023/0523/c1003-32692175.html
藏粮于技，夯实粮食丰收基础（人民时评）,05月19日,http://opinion.people.com.cn/n1/2023/0519/c1003-32689713.html
在博物馆邂逅优质文化资源（人民时评）,05月18日,http://opinion.people.com.cn/n1/2023/0518/c1003-32688787.html
让马拉松“流量”变发展“增量”（人民时评）,05月17日,http://opinion.people.com.cn/n1/2023/0517/c1003-32687738.html
弘扬绿色健康饮食文化（人民时评）,05月16日,http://opinion.people.com.cn/n1/2023/0516/c1003-32686757.html
培厚中医药传承创新发展的文化土壤（人民时评）,05月15日,http://opinion.people.com.cn/n1/2023/0515/c1003-32685791.html
畅通“网络盲道”，让更多人共享便捷生活（人民时评）,05月12日,http://opinion.people.com.cn/n1/2023/0512/c1003-32684333.html
推动“四好农村路”迈向高质量发展（人民时评）,05月10日,http://opinion.people.com.cn/n1/2023/0510/c1003-32682315.html
网络文学大有可为也大有作为（人民时评）,05月04日,http://opinion.people.com.cn/n1/2023/0504/c1003-32677662.html
让广大农民共享“数字红利”（人民时评）,04月28日,http://opinion.people.com.cn/n1/2023/0428/c1003-32675302.html
绘出美丽中国的更新画卷（人民时评）,04月27日,http://opinion.people.com.cn/n1/2023/0427/c1003-32674411.html
推动医养结合服务发展壮大（人民时评）,04月26日,http://opinion.people.com.cn/n1/2023/0426/c1003-32673443.html
为全球经济恢复注入更多正能量（人民时评）,04月21日,http://opinion.people.com.cn/n1/2023/0421/c1003-32669583.html
消费市场“第三方测评”更应关注自身品质（人民时评）,04月20日,http://opinion.people.com.cn/n1/2023/0420/c1003-32668609.html
形成稳就业的强大合力（人民时评）,04月19日,http://opinion.people.com.cn/n1/2023/0419/c1003-32667609.html
以学科优化提升人才培养质量（人民时评）,04月18日,http://opinion.people.com.cn/n1/2023/0418/c1003-32666675.html
合力防范青少年短视频沉迷（人民时评）,04月14日,http://opinion.people.com.cn/n1/2023/0414/c1003-32664020.html
让北京中轴线焕发时代新韵（人民时评）,04月13日,http://opinion.people.com.cn/n1/2023/0413/c1003-32663029.html
加强共治，规范算法应用发展（人民时评）,04月12日,http://opinion.people.com.cn/n1/2023/0412/c1003-32661947.html
让专利供给和市场需求握手（人民时评）,04月11日,http://opinion.people.com.cn/n1/2023/0411/c1003-32661053.html
严惩网络暴力“按键伤人”（人民时评）,04月10日,http://opinion.people.com.cn/n1/2023/0410/c1003-32660259.html
让农村消费不断扩容升级（人民时评）,04月07日,http://opinion.people.com.cn/n1/2023/0407/c1003-32658879.html
让非遗“活化石”融入现代生活（人民时评）,04月06日,http://opinion.people.com.cn/n1/2023/0406/c1003-32658111.html
以信息技术助力教育高质量发展（人民时评）,04月04日,http://opinion.people.com.cn/n1/2023/0404/c1003-32657024.html
牢牢把住粮食安全主动权（人民时评）,03月27日,http://opinion.people.com.cn/n1/2023/0327/c1003-32651420.html
为乡村振兴注入文化动能（人民时评）,03月16日,http://opinion.people.com.cn/n1/2023/0316/c1003-32645174.html
履职尽责画好奋进同心圆（人民时评）,03月03日,http://opinion.people.com.cn/n1/2023/0303/c1003-32635272.html
“以竹代塑”开辟环保新赛道（人民时评）,03月02日,http://opinion.people.com.cn/n1/2023/0302/c1003-32634330.html
做好乡村市场体系建设大文章（人民时评）,03月01日,http://opinion.people.com.cn/n1/2023/0301/c1003-32633434.html
让更多基层医生留得住、有发展（人民时评）,02月27日,http://opinion.people.com.cn/n1/2023/0227/c1003-32631627.html
保障新能源发电送得出用得好（人民时评）,02月24日,http://opinion.people.com.cn/n1/2023/0224/c1003-32630173.html
千方百计让乡亲们腰包更鼓（人民时评）,02月23日,http://opinion.people.com.cn/n1/2023/0223/c1003-32629240.html
持续加强电子书版权保护（人民时评）,02月22日,http://opinion.people.com.cn/n1/2023/0222/c1003-32628452.html
管好电动自行车需“全链条”发力（人民时评）,02月21日,http://opinion.people.com.cn/n1/2023/0221/c1003-32627654.html
让老字号不断焕发新生机（人民时评）,02月20日,http://opinion.people.com.cn/n1/2023/0220/c1003-32626832.html
全力打赢全年粮食生产第一仗（人民时评）,02月17日,http://opinion.people.com.cn/n1/2023/0217/c1003-32625396.html
与时俱进筑牢消费者权益“防火墙”（人民时评）,02月13日,http://opinion.people.com.cn/n1/2023/0213/c1003-32622200.html
让考古遗产焕发历久弥新的光彩（人民时评）,02月09日,http://opinion.people.com.cn/n1/2023/0209/c1003-32620260.html
智能电视如何留住用户（人民时评）,02月08日,http://opinion.people.com.cn/n1/2023/0208/c1003-32619541.html
让手机应用软件更清爽（人民时评）,02月07日,http://opinion.people.com.cn/n1/2023/0207/c1003-32618766.html
高质量推进国家公园建设（人民时评）,02月06日,http://opinion.people.com.cn/n1/2023/0206/c1003-32618043.html
“国潮热”彰显文化创造力（人民时评）,02月03日,http://opinion.people.com.cn/n1/2023/0203/c1003-32616794.html
让互联网时代书香更浓（人民时评）,02月01日,http://opinion.people.com.cn/n1/2023/0201/c1003-32615428.html
在年味中感受春节的文化魅力（人民时评）,01月20日,http://opinion.people.com.cn/n1/2023/0120/c1003-32610325.html
让知识产权更好支撑创新发展（人民时评）,01月18日,http://opinion.people.com.cn/n1/2023/0118/c1003-32608773.html
让古籍与数字化时代共振（人民时评）,01月17日,http://opinion.people.com.cn/n1/2023/0117/c1003-32607889.html
形成治理欠薪的强大合力（人民时评）,01月12日,http://opinion.people.com.cn/n1/2023/0112/c1003-32604618.html
推出更多健康优质的精品短剧（人民时评）,01月10日,http://opinion.people.com.cn/n1/2023/0110/c1003-32602999.html
保持吸引外资“增量提质”态势（人民时评）,01月09日,http://opinion.people.com.cn/n1/2023/0109/c1003-32602168.html
凝心聚力全面推进乡村振兴（人民时评）,01月05日,http://opinion.people.com.cn/n1/2023/0105/c1003-32599971.html
推动夜经济提档升级（人民时评）,01月04日,http://opinion.people.com.cn/n1/2023/0104/c1003-32599147.html
深化现代职业教育体系建设改革（人民时评）,01月03日,http://opinion.people.com.cn/n1/2023/0103/c1003-32598294.html
最大限度激活数据要素潜能（人民时评）,12月30日,http://opinion.people.com.cn/n1/2022/1230/c1003-32596520.html
从供需两端促进文旅回暖（人民时评）,12月29日,http://opinion.people.com.cn/n1/2022/1229/c1003-32595669.html
科学精准做好民生医疗物资保通保畅（人民时评）,12月28日,http://opinion.people.com.cn/n1/2022/1228/c1003-32594910.html
更好发挥新型举国体制优势（人民时评）,12月27日,http://opinion.people.com.cn/n1/2022/1227/c1003-32594110.html
拒绝“套路”，维护用户合法权益（人民时评）,12月26日,http://opinion.people.com.cn/n1/2022/1226/c1003-32593320.html
让网络购药更安全更便捷（人民时评）,12月23日,http://opinion.people.com.cn/n1/2022/1223/c1003-32592095.html
人工智能促进教育变革创新（人民时评）,12月22日,http://opinion.people.com.cn/n1/2022/1222/c1003-32591357.html
让更多人租得起住得好（人民时评）,12月21日,http://opinion.people.com.cn/n1/2022/1221/c1003-32590644.html
从“千亿快件”中感受经济韧性（人民时评）,12月19日,http://opinion.people.com.cn/n1/2022/1219/c1003-32589251.html
推动全民阅读高质量发展（人民时评）,12月16日,http://opinion.people.com.cn/n1/2022/1216/c1003-32588000.html
共品茶香茶韵（人民时评）,12月15日,http://opinion.people.com.cn/n1/2022/1215/c1003-32587371.html
秋粮满仓，端牢“中国饭碗”（人民时评）,12月13日,http://opinion.people.com.cn/n1/2022/1213/c1003-32586093.html
做好高校毕业生就业创业工作（人民时评）,12月12日,http://opinion.people.com.cn/n1/2022/1212/c1003-32585102.html
讲好“中国制造”的奋进故事（人民时评）,12月09日,http://opinion.people.com.cn/n1/2022/1209/c1003-32583508.html
助力信息消费跑出“加速度”（人民时评）,12月08日,http://opinion.people.com.cn/n1/2022/1208/c1003-32582621.html
持续深入打好蓝天保卫战（人民时评）,12月07日,http://opinion.people.com.cn/n1/2022/1207/c1003-32581896.html
深耕文化土壤，助力文创升级（人民时评）,12月07日,http://opinion.people.com.cn/n1/2022/1207/c1003-32581892.html
让社会救助兜底保障更加精准、更有温度（人民时评）,12月06日,http://opinion.people.com.cn/n1/2022/1206/c1003-32581107.html
持续做好罕见病防治工作（人民时评）,12月05日,http://opinion.people.com.cn/n1/2022/1205/c1003-32580291.html
稳步推进汽车产品生产者责任延伸制（人民时评）,12月02日,http://opinion.people.com.cn/n1/2022/1202/c1003-32578899.html
更大力度抓好农产品质量安全（人民时评）,12月01日,http://opinion.people.com.cn/n1/2022/1201/c1003-32578173.html
不断提高利用外资水平和质量（人民时评）,12月01日,http://opinion.people.com.cn/n1/2022/1201/c1003-32578171.html
扎实推进能源绿色低碳转型（人民时评）,11月24日,http://opinion.people.com.cn/n1/2022/1124/c1003-32573050.html
提升农业农村基础设施水平（人民时评）,11月23日,http://opinion.people.com.cn/n1/2022/1123/c1003-32572128.html
秋粮丰收在望，筑牢大国粮仓（人民时评）,11月04日,http://opinion.people.com.cn/n1/2022/1104/c1003-32558471.html
推动黄河流域生态保护和高质量发展（人民时评）,11月01日,http://opinion.people.com.cn/n1/2022/1101/c1003-32555963.html
为科技创新厚植学风作风基础（人民时评）,10月28日,http://opinion.people.com.cn/n1/2022/1028/c1003-32553415.html
让城市更智慧更便捷（人民时评）,10月27日,http://opinion.people.com.cn/n1/2022/1027/c1003-32552525.html
以高考改革促进学生健康成长（人民时评）,10月26日,http://opinion.people.com.cn/n1/2022/1026/c1003-32551615.html
用更好营商环境提升企业竞争力（人民时评）,10月25日,http://opinion.people.com.cn/n1/2022/1025/c1003-32550861.html
激发涌现更多专精特新中小企业（人民时评）,10月11日,http://opinion.people.com.cn/n1/2022/1011/c1003-32542609.html
让干部有更多时间和精力抓落实（人民时评）,10月10日,http://opinion.people.com.cn/n1/2022/1010/c1003-32541846.html
追思先烈 致敬英雄（人民时评）,09月30日,http://opinion.people.com.cn/n1/2022/0930/c1003-32537339.html
持之以恒纠治“四风”（人民时评）,09月29日,http://opinion.people.com.cn/n1/2022/0929/c1003-32536392.html
以钉钉子精神打好作风建设持久战（人民时评）,09月28日,http://opinion.people.com.cn/n1/2022/0928/c1003-32535423.html
优化供给，激发旅游市场活力（人民时评）,09月27日,http://opinion.people.com.cn/n1/2022/0927/c1003-32534550.html
以智能制造推动产业升级（人民时评）,09月26日,http://opinion.people.com.cn/n1/2022/0926/c1003-32533614.html
用行动定义健康生活（人民时评）,09月16日,http://opinion.people.com.cn/n1/2022/0916/c1003-32527254.html
让人工智能成为“智慧动能”（人民时评）,09月14日,http://opinion.people.com.cn/n1/2022/0914/c1003-32525397.html
让数字人民币更好助力数字经济（人民时评）,09月13日,http://opinion.people.com.cn/n1/2022/0913/c1003-32524474.html
锂电池热销折射发展新动能（人民时评）,09月13日,http://opinion.people.com.cn/n1/2022/0913/c1003-32524471.html
在教书育人工作中不断创造新业绩（人民时评）,09月09日,http://opinion.people.com.cn/n1/2022/0909/c1003-32522747.html
以金融“活水”滋养创新（人民时评）,09月09日,http://opinion.people.com.cn/n1/2022/0909/c1003-32522749.html
文明旅游应是更美风景（人民时评）,08月26日,http://opinion.people.com.cn/n1/2022/0826/c1003-32511750.html
不断提升生物多样性保护水平（人民时评）,08月24日,http://opinion.people.com.cn/n1/2022/0824/c1003-32509639.html
不断提升医养结合服务质量（人民时评）,08月23日,http://opinion.people.com.cn/n1/2022/0823/c1003-32508674.html
共同构成算力产业发展壮大的厚实根基（人民时评）,08月23日,http://opinion.people.com.cn/n1/2022/0823/c1003-32508673.html
以科技创新助力“双碳”进程（人民时评）,08月22日,http://opinion.people.com.cn/n1/2022/0822/c1003-32507710.html
促进校外体育培训良性发展（人民时评）,08月18日,http://opinion.people.com.cn/n1/2022/0818/c1003-32505110.html
加快落实核酸检测结果全国互认（人民时评）,08月16日,http://opinion.people.com.cn/n1/2022/0816/c1003-32503160.html
促进信用卡业务高质量发展（人民时评）,08月15日,http://opinion.people.com.cn/n1/2022/0815/c1003-32502231.html
大力弘扬见义勇为精神（人民时评）,08月05日,http://opinion.people.com.cn/n1/2022/0805/c1003-32494890.html
把防汛重任牢牢扛在肩（人民时评）,08月04日,http://opinion.people.com.cn/n1/2022/0804/c1003-32493799.html
以财税政策助力实现“双碳”目标（人民时评）,08月03日,http://opinion.people.com.cn/n1/2022/0803/c1003-32492680.html
“县县通5G”夯实数字中国基石（人民时评）,08月02日,http://opinion.people.com.cn/n1/2022/0802/c1003-32491418.html
夏粮再丰收，分量沉甸甸（人民时评）,08月01日,http://opinion.people.com.cn/n1/2022/0801/c1003-32490467.html
在孩子们心中播下科学种子（人民时评）,07月28日,http://opinion.people.com.cn/n1/2022/0728/c1003-32487483.html
以知识产权保护激发创新活力（人民时评）,07月27日,http://opinion.people.com.cn/n1/2022/0727/c1003-32486388.html
始终绷紧防汛这根弦（人民时评）,07月15日,http://opinion.people.com.cn/n1/2022/0715/c1003-32475910.html
持续帮扶，共促高校毕业生顺利就业（人民时评）,07月14日,http://opinion.people.com.cn/n1/2022/0714/c1003-32474678.html
夏粮丰收彰显“中国饭碗”成色（人民时评）,07月13日,http://opinion.people.com.cn/n1/2022/0713/c1003-32473503.html
促进我国科技人力资源由大转强（人民时评）,07月12日,http://opinion.people.com.cn/n1/2022/0712/c1003-32472303.html
锲而不舍抓好黄河生态保护工作（人民时评）,07月11日,http://opinion.people.com.cn/n1/2022/0711/c1003-32471157.html
依法推动中医药传承创新发展（人民时评）,07月08日,http://opinion.people.com.cn/n1/2022/0708/c1003-32469378.html
坚定不移建设制造强国（人民时评）,07月07日,http://opinion.people.com.cn/n1/2022/0707/c1003-32468147.html
综合施策激活消费潜力（人民时评）,07月06日,http://opinion.people.com.cn/n1/2022/0706/c1003-32467035.html
深入做好粮食稳产保供金融服务（人民时评）,07月06日,http://opinion.people.com.cn/n1/2022/0706/c1003-32467032.html
提升群众性应急救护能力（人民时评）,07月05日,http://opinion.people.com.cn/n1/2022/0705/c1003-32465750.html
抓住用好5G规模化应用关键期（人民时评）,07月04日,http://opinion.people.com.cn/n1/2022/0704/c1003-32464544.html
构建中小企业梯度培育格局（人民时评）,06月24日,http://opinion.people.com.cn/n1/2022/0624/c1003-32454947.html
不断筑牢防汛责任堤坝（人民时评）,06月23日,http://opinion.people.com.cn/n1/2022/0623/c1003-32453796.html
切实提升消费者信任度安全感（人民时评）,06月22日,http://opinion.people.com.cn/n1/2022/0622/c1003-32452648.html
促进新时代新能源高质量发展（人民时评）,06月21日,http://opinion.people.com.cn/n1/2022/0621/c1003-32451440.html
推动网络剧片高质量发展（人民时评）,06月20日,http://opinion.people.com.cn/n1/2022/0620/c1003-32450385.html
推动征信业高质量发展（人民时评）,06月17日,http://opinion.people.com.cn/n1/2022/0617/c1003-32448666.html
节粮减损，让中国饭碗端得更稳（人民时评）,06月17日,http://opinion.people.com.cn/n1/2022/0617/c1003-32448665.html
为文化强国筑牢“数字基石”（人民时评）,06月16日,http://opinion.people.com.cn/n1/2022/0616/c1003-32447621.html
提高自主创新能力 加快迈向制造强国（人民时评）,06月16日,http://opinion.people.com.cn/n1/2022/0616/c1003-32447620.html
以高质量气象服务助推高质量发展（人民时评）,06月15日,http://opinion.people.com.cn/n1/2022/0615/c1003-32446410.html
扎实做好稳就业工作（人民时评）,06月15日,http://opinion.people.com.cn/n1/2022/0615/c1003-32446406.html
营造更加安全舒心的养老环境（人民时评）,06月13日,http://opinion.people.com.cn/n1/2022/0613/c1003-32444411.html
用特色优势“照亮县城”（人民时评）,06月01日,http://opinion.people.com.cn/n1/2022/0601/c1003-32435395.html
让放心水流进千万家（人民时评）,05月31日,http://opinion.people.com.cn/n1/2022/0531/c1003-32434296.html
做好疫情防控 推动企业复工复产（人民时评）,05月31日,http://opinion.people.com.cn/n1/2022/0531/c1003-32434292.html
助力中小微企业平稳健康发展（人民时评）,05月30日,http://opinion.people.com.cn/n1/2022/0530/c1003-32433264.html
把劳动的种子深植学生心中（人民时评）,05月27日,http://opinion.people.com.cn/n1/2022/0527/c1003-32431524.html
培养更多大国工匠（人民时评）,05月26日,http://opinion.people.com.cn/n1/2022/0526/c1003-32430518.html
用户协议当保护用户权益（人民时评）,05月25日,http://opinion.people.com.cn/n1/2022/0525/c1003-32429490.html
激活银发浪潮的发展潜力（人民时评）,05月12日,http://opinion.people.com.cn/n1/2022/0512/c1003-32419745.html
良法善治护航职业教育高质量发展（人民时评）,05月06日,http://opinion.people.com.cn/n1/2022/0506/c1003-32415070.html
全面推进高质量教师队伍建设（人民时评）,04月25日,http://opinion.people.com.cn/n1/2022/0425/c1003-32407625.html
通过阅读涵养我们的精神世界（人民时评）,04月22日,http://opinion.people.com.cn/n1/2022/0422/c1003-32405448.html
激活社会资源的科普潜能（人民时评）,04月20日,http://opinion.people.com.cn/n1/2022/0420/c1003-32403235.html
驰而不息奋力夺取夏粮丰收（人民时评）,04月19日,http://opinion.people.com.cn/n1/2022/0419/c1003-32402224.html
解除超龄农民工的后顾之忧（人民时评）,04月18日,http://opinion.people.com.cn/n1/2022/0418/c1003-32401163.html
激发青年与城市双向促进（人民时评）,04月15日,http://opinion.people.com.cn/n1/2022/0415/c1003-32399524.html
促安全也是谋发展（人民时评）,04月13日,http://opinion.people.com.cn/n1/2022/0413/c1003-32397516.html
以强监管规制电子烟（人民时评）,04月08日,http://opinion.people.com.cn/n1/2022/0408/c1003-32393847.html
校准网红经济的价值航标（人民时评）,04月01日,http://opinion.people.com.cn/n1/2022/0401/c1003-32389378.html
让防治走在网络诈骗前面（人民时评）,03月31日,http://opinion.people.com.cn/n1/2022/0331/c1003-32388336.html
充分激发数字医疗的优势（人民时评）,03月29日,http://opinion.people.com.cn/n1/2022/0329/c1003-32386332.html
推动职业本科教育提质培优（人民时评）,03月28日,http://opinion.people.com.cn/n1/2022/0328/c1003-32385300.html
“数字乡村”推动农业农村现代化（人民时评）,03月25日,http://opinion.people.com.cn/n1/2022/0325/c1003-32383611.html
标本兼治，涌流更多正能量（人民时评）,03月23日,http://opinion.people.com.cn/n1/2022/0323/c1003-32381467.html
加大震慑，擦亮“法治利剑”（人民时评）,03月22日,http://opinion.people.com.cn/n1/2022/0322/c1003-32380372.html
辛勤耕耘，守护大国粮仓（人民时评）,03月22日,http://opinion.people.com.cn/n1/2022/0322/c1003-32380368.html
压实责任，筑牢“平台堤坝”（人民时评）,03月21日,http://opinion.people.com.cn/n1/2022/0321/c1003-32379330.html
开年“成绩单”彰显中国经济稳中向好态势（人民时评）,03月18日,http://opinion.people.com.cn/n1/2022/0318/c1003-32377760.html
以更大力度促进工业经济平稳增长（人民时评）,03月02日,http://opinion.people.com.cn/n1/2022/0302/c1003-32362894.html
培厚电视剧高质量发展的土壤（人民时评）,02月28日,http://opinion.people.com.cn/n1/2022/0228/c1003-32360719.html
当冬奥会遇见中国文化（人民时评）,02月17日,http://opinion.people.com.cn/n1/2022/0217/c1003-32353635.html
新主流电影彰显主流号召力（人民时评）,02月16日,http://opinion.people.com.cn/n1/2022/0216/c1003-32352798.html
拓展乡村振兴的数字蓝海（人民时评）,02月15日,http://opinion.people.com.cn/n1/2022/0215/c1003-32352013.html
外贸外资稳折射中国经济韧性强（人民时评）,02月14日,http://opinion.people.com.cn/n1/2022/0214/c1003-32351155.html
推动5G应用规模化发展（人民时评）,02月11日,http://opinion.people.com.cn/n1/2022/0211/c1003-32349726.html
以系统观念推动绿色低碳发展（人民时评）,02月10日,http://opinion.people.com.cn/n1/2022/0210/c1003-32348859.html
推动“双减”进一步发挥实效（人民时评）,02月09日,http://opinion.people.com.cn/n1/2022/0209/c1003-32348093.html
增强高质量发展的数字牵引力（人民时评）,02月08日,http://opinion.people.com.cn/n1/2022/0208/c1003-32347330.html
冰雪运动助力体育强国、健康中国（人民时评）,01月28日,http://opinion.people.com.cn/n1/2022/0128/c1003-32341782.html
警惕抢票软件背后的风险（人民时评）,01月27日,http://opinion.people.com.cn/n1/2022/0127/c1003-32340795.html
讲好北京冬奥会冬残奥会的故事（人民时评）,01月27日,http://opinion.people.com.cn/n1/2022/0127/c1003-32340791.html
展示阳光、富强、开放的良好形象（人民时评）,01月26日,http://opinion.people.com.cn/n1/2022/0126/c1003-32339710.html
为世界奉献一届精彩、非凡、卓越的奥运盛会（人民时评）,01月25日,http://opinion.people.com.cn/n1/2022/0125/c1003-32338792.html
促进算法推荐技术规范健康发展（人民时评）,01月24日,http://opinion.people.com.cn/n1/2022/0124/c1003-32337754.html
扫码点餐，服务也须在线（人民时评）,01月19日,http://opinion.people.com.cn/n1/2022/0119/c1003-32334427.html
推进快递包装“绿色革命”（人民时评）,01月17日,http://opinion.people.com.cn/n1/2022/0117/c1003-32332475.html
让互联网医院找准发展节奏（人民时评）,01月13日,http://opinion.people.com.cn/n1/2022/0113/c1003-32330078.html
解好可再生能源替代“多元方程”（人民时评）,01月06日,http://opinion.people.com.cn/n1/2022/0106/c1003-32324867.html
坚决制止借“网红儿童”牟利（人民时评）,01月05日,http://opinion.people.com.cn/n1/2022/0105/c1003-32324002.html
发挥医保资金的最大保障效能（人民时评）,12月31日,http://opinion.people.com.cn/n1/2021/1231/c1003-32321223.html
着力补齐农村人居环境短板（人民时评）,12月30日,http://opinion.people.com.cn/n1/2021/1230/c1003-32320163.html
以科技创新助力冰雪盛会（人民时评）,12月28日,http://opinion.people.com.cn/n1/2021/1228/c1003-32318429.html
把粮食安全的基础夯得更实（人民时评）,12月24日,http://opinion.people.com.cn/n1/2021/1224/c1003-32315700.html
让公众更好感知前沿科技魅力（人民时评）,12月23日,http://opinion.people.com.cn/n1/2021/1223/c1003-32314786.html
在青少年心中播下法治种子（人民时评）,12月22日,http://opinion.people.com.cn/n1/2021/1222/c1003-32313800.html
减税降费为企业添活力（人民时评）,12月20日,http://opinion.people.com.cn/n1/2021/1220/c1003-32311765.html
切实筑牢生物安全屏障（人民时评）,12月17日,http://opinion.people.com.cn/n1/2021/1217/c1003-32310200.html
出真招实招为中小企业纾困解难（人民时评）,12月10日,http://opinion.people.com.cn/n1/2021/1210/c1003-32304170.html
精心做好重特大疾病医疗保障（人民时评）,12月09日,http://opinion.people.com.cn/n1/2021/1209/c1003-32303129.html
破解动力电池回收课题（人民时评）,12月08日,http://opinion.people.com.cn/n1/2021/1208/c1003-32302057.html
让数据安全托起美好数字生活（人民时评）,12月06日,http://opinion.people.com.cn/n1/2021/1206/c1003-32300041.html
第三方测评，如何让消费者更安心（人民时评）,12月03日,http://opinion.people.com.cn/n1/2021/1203/c1003-32298138.html
“回头看”推动网络治理“向前进”（人民时评）,12月01日,http://opinion.people.com.cn/n1/2021/1201/c1003-32296343.html
释放政策红利 共护绿水青山（人民时评）,11月30日,http://opinion.people.com.cn/n1/2021/1130/c1003-32294920.html
让更多“小巨人”撑起“大创新”（人民时评）,11月29日,http://opinion.people.com.cn/n1/2021/1129/c1003-32293875.html
